idNode,name,man,age,job,link,timeGet
100000000,Đặng Quốc Hoài,true,63,Kỹ sư,https://www.vietnamplus.vn/,01/01/1970
100000001,Đỗ Kim Thảo,false,63,Công nhân,vnexpress.net,01/01/1970
100000002,Nguyễn Thiên Mạnh,true,24,Luật sư,https://dulich.vnexpress.net/,01/01/1970
100000003,Vũ Diệu Thiện,false,69,Nhân viên,tuoitre.vn,01/01/1970
100000004,Trần Hiền Thục,false,61,Sinh viên,https://www.24h.com.vn/,01/01/1970
100000005,Bùi Quyết Thắng,true,54,Luật sư,http://vietnamnet.vn/,01/01/1970
100000006,Đặng Nguyệt Cầm,false,44,Thanh tra,vnexpress.net,01/01/1970
100000007,Dương Ðức Tường,true,57,Nhân viên,https://dulich.vnexpress.net/,01/01/1970
100000008,Phạm Cẩm Ly,false,68,Sinh viên,vnexpress.net,01/01/1970
100000009,Vũ Việt Khuê,false,30,Y tá,tuoitre.vn,01/01/1970
100000010,Dương Thế Duyệt,true,18,Thanh tra,tuoitre.vn,01/01/1970
100000011,Vũ Hồng Linh,false,40,Nhân viên,http://vietnamnet.vn/,01/01/1970
100000012,Phan Ngọc Ðoàn,true,48,Thanh tra,vnexpress.net,01/01/1970
100000013,Trần Niệm Nhiên,true,64,Sinh viên,https://www.24h.com.vn/,01/01/1970
100000014,Lý Long Giang,true,29,Công nhân,http://vietnamnet.vn/,01/01/1970
100000015,Dương Phi Hải,true,18,Nhân viên,https://www.24h.com.vn/,01/01/1970
100000016,Lê Quang Tuấn,true,41,Luật sư,http://kenh14.vn/,01/01/1970
100000017,Phan Vân Linh,false,57,Giám đốc,https://www.24h.com.vn/,01/01/1970
100000018,Phan Cao Tiến,true,47,Y tá,https://vtc.vn/,01/01/1970
100000019,Hồ Thành Ðệ,true,64,Thanh tra,tuoitre.vn,01/01/1970
100000020,Phạm Thành Trung,true,25,Thanh tra,http://vietnamnet.vn/,01/01/1970
100000021,Đỗ Kim Toàn,true,27,Sinh viên,vnexpress.net,01/01/1970
100000022,Vũ Quỳnh Nga,false,43,Nhân viên,http://kenh14.vn/,01/01/1970
100000023,Hoàng Thành Sang,true,39,Bảo vệ,https://www.vietnamplus.vn/,01/01/1970
100000024,Hoàng Hải Ngân,false,28,Nhân viên,http://kenh14.vn/,01/01/1970
100000025,Trần Ái Khanh,false,55,Công nhân,https://dulich.vnexpress.net/,01/01/1970
100000026,Hoàng Kim Hương,false,27,Nhân viên,https://www.vietnamplus.vn/,01/01/1970
100000027,Vũ Thiên Thanh,false,29,Kỹ sư,http://vietnamnet.vn/,01/01/1970
100000028,Lý Thúy Hường,false,18,Công nhân,http://kenh14.vn/,01/01/1970
100000029,Vũ Nam Phi,true,37,Bảo vệ,http://vietnamnet.vn/,01/01/1970
100000030,Phạm Quý Vĩnh,true,45,Luật sư,vnexpress.net,01/01/1970
100000031,Hoàng Gia Thịnh,true,61,Giám đốc,tuoitre.vn,01/01/1970
100000032,Dương Thanh Uyên,false,58,Công nhân,https://www.vietnamplus.vn/,01/01/1970
100000033,Dương Trang Nhã,false,69,Công nhân,https://vtc.vn/,01/01/1970
100000034,Đặng Gia Phúc,true,33,Bảo vệ,https://www.vietnamplus.vn/,01/01/1970
100000035,Hồ Triệu Mẫn,false,49,Công nhân,vnexpress.net,01/01/1970
100000036,Hoàng Huyền Linh,false,63,Sinh viên,http://vietnamnet.vn/,01/01/1970
100000037,Lê Thùy Mi,false,38,Nhân viên,vnexpress.net,01/01/1970
100000038,Hồ Hoài Vỹ,true,68,Sinh viên,vnexpress.net,01/01/1970
100000039,Hoàng Kiều Diễm,false,66,Luật sư,vnexpress.net,01/01/1970
100000040,Lý Phương Thùy,false,50,Công nhân,https://vtc.vn/,01/01/1970
100000041,Đặng Ðức Khang,true,29,Kỹ sư,vnexpress.net,01/01/1970
100000042,Phạm Phương Thanh,false,21,Bác sĩ,http://kenh14.vn/,01/01/1970
100000043,Lê Quốc Anh,true,37,Kỹ sư,vnexpress.net,01/01/1970
100000044,Bùi Trung Việt,true,40,Công nhân,https://dantri.com.vn/,01/01/1970
100000045,Lê Diệu Linh,false,37,Sinh viên,https://www.24h.com.vn/,01/01/1970
100000046,Phạm Khải Hà,false,38,Luật sư,https://www.vietnamplus.vn/,01/01/1970
100000047,Nguyễn Tấn Khang,true,63,Bảo vệ,https://www.vietnamplus.vn/,01/01/1970
100000048,Phan Ðình Nam,true,59,Giám đốc,https://dantri.com.vn/,01/01/1970
100000049,Lý Thảo Ly,false,19,Y tá,https://www.vietnamplus.vn/,01/01/1970
