idNode,name,description,link,timeGet
500000000,﻿1/1/2018 , Tết dương lịch,http://vietnamnet.vn/,Sun Dec 16 10:33:08 ICT 2018
500000001,2/1/2018 , Ngày thường,https://www.24h.com.vn/,Sun Dec 16 10:33:08 ICT 2018
500000002,3/1/2018 , Ngày thường,https://www.24h.com.vn/,Sun Dec 16 10:33:08 ICT 2018
500000003,4/1/2018 , Ngày thường,https://vtc.vn/,Sun Dec 16 10:33:08 ICT 2018
500000004,5/1/2018 , Ngày thường,http://kenh14.vn/,Sun Dec 16 10:33:08 ICT 2018
500000005,6/1/2018 , Ngày thường,http://kenh14.vn/,Sun Dec 16 10:33:08 ICT 2018
500000006,7/1/2018 , Ngày thường,https://dulich.vnexpress.net/,Sun Dec 16 10:33:08 ICT 2018
500000007,8/1/2018 , Ngày thường,https://www.vietnamplus.vn/,Sun Dec 16 10:33:08 ICT 2018
500000008,9/1/2018 , Ngày học sinh sinh viên Việt Nam,https://dantri.com.vn/,Sun Dec 16 10:33:08 ICT 2018
500000009,10/1/2018 , Ngày thường,vnexpress.net,Sun Dec 16 10:33:08 ICT 2018
500000010,11/1/2018 , Ngày thường,tuoitre.vn,Sun Dec 16 10:33:08 ICT 2018
500000011,12/1/2018 , Ngày thường,http://kenh14.vn/,Sun Dec 16 10:33:08 ICT 2018
500000012,13/1/2018 , Ngày thường,vnexpress.net,Sun Dec 16 10:33:08 ICT 2018
500000013,14/1/2018 , Ngày thường,https://www.24h.com.vn/,Sun Dec 16 10:33:08 ICT 2018
500000014,15/1/2018 , Ngày thường,vnexpress.net,Sun Dec 16 10:33:08 ICT 2018
500000015,16/1/2018 , Ngày thường,https://vtc.vn/,Sun Dec 16 10:33:08 ICT 2018
500000016,17/1/2018 , Ngày thường,https://vtc.vn/,Sun Dec 16 10:33:08 ICT 2018
500000017,18/1/2018 , Ngày thường,vnexpress.net,Sun Dec 16 10:33:08 ICT 2018
500000018,19/1/2018 , Ngày thường,https://dulich.vnexpress.net/,Sun Dec 16 10:33:08 ICT 2018
500000019,20/1/2018 , Ngày thường,tuoitre.vn,Sun Dec 16 10:33:08 ICT 2018
500000020,21/1/2018 , Ngày thường,http://vietnamnet.vn/,Sun Dec 16 10:33:08 ICT 2018
500000021,22/1/2018 , Ngày thường,tuoitre.vn,Sun Dec 16 10:33:08 ICT 2018
500000022,23/1/2018 , Ngày thường,https://dulich.vnexpress.net/,Sun Dec 16 10:33:08 ICT 2018
500000023,24/1/2018 , Ngày thường,https://www.vietnamplus.vn/,Sun Dec 16 10:33:08 ICT 2018
500000024,25/1/2018 , Ngày thường,vnexpress.net,Sun Dec 16 10:33:08 ICT 2018
500000025,26/1/2018 , Ngày thường,http://vietnamnet.vn/,Sun Dec 16 10:33:08 ICT 2018
500000026,27/1/2018 , Ngày thường,http://vietnamnet.vn/,Sun Dec 16 10:33:08 ICT 2018
500000027,28/1/2018 , Ngày thường,https://www.vietnamplus.vn/,Sun Dec 16 10:33:08 ICT 2018
500000028,29/1/2018 , Ngày thường,https://www.vietnamplus.vn/,Sun Dec 16 10:33:08 ICT 2018
500000029,30/1/2018 , Ngày thường,https://www.24h.com.vn/,Sun Dec 16 10:33:08 ICT 2018
500000030,31/1/2018 , Ngày thường,https://www.24h.com.vn/,Sun Dec 16 10:33:08 ICT 2018
500000031,1/2/2018 , Ngày thường,https://vtc.vn/,Sun Dec 16 10:33:08 ICT 2018
500000032,2/2/2018 , Ngày thường,https://vtc.vn/,Sun Dec 16 10:33:08 ICT 2018
500000033,3/2/2018 , Ngày thành lập Đảng Cộng Sản Việt Nam,http://vietnamnet.vn/,Sun Dec 16 10:33:08 ICT 2018
500000034,4/2/2018 , Ngày thường,https://dulich.vnexpress.net/,Sun Dec 16 10:33:08 ICT 2018
500000035,5/2/2018 , Ngày thường,tuoitre.vn,Sun Dec 16 10:33:08 ICT 2018
500000036,6/2/2018 , Ngày thường,http://kenh14.vn/,Sun Dec 16 10:33:08 ICT 2018
500000037,7/2/2018 , Ngày thường,https://www.vietnamplus.vn/,Sun Dec 16 10:33:08 ICT 2018
500000038,8/2/2018 , Ngày thường,vnexpress.net,Sun Dec 16 10:33:08 ICT 2018
500000039,9/2/2018 , Ngày thường,https://dantri.com.vn/,Sun Dec 16 10:33:08 ICT 2018
500000040,10/2/2018 , Ngày thường,tuoitre.vn,Sun Dec 16 10:33:08 ICT 2018
500000041,11/2/2018 , Ngày thường,http://kenh14.vn/,Sun Dec 16 10:33:08 ICT 2018
500000042,12/2/2018 , Ngày thường,http://vietnamnet.vn/,Sun Dec 16 10:33:08 ICT 2018
500000043,13/2/2018 , Ngày thường,https://www.vietnamplus.vn/,Sun Dec 16 10:33:08 ICT 2018
500000044,14/2/2018 , Ngày thường,https://www.24h.com.vn/,Sun Dec 16 10:33:08 ICT 2018
500000045,15/2/2018 , Ngày thường,https://vtc.vn/,Sun Dec 16 10:33:08 ICT 2018
500000046,16/2/2018 , Ngày thường,tuoitre.vn,Sun Dec 16 10:33:08 ICT 2018
500000047,17/2/2018 , Ngày thường,http://kenh14.vn/,Sun Dec 16 10:33:08 ICT 2018
500000048,18/2/2018 , Ngày thường,https://dulich.vnexpress.net/,Sun Dec 16 10:33:08 ICT 2018
500000049,19/2/2018 , Ngày thường,https://dantri.com.vn/,Sun Dec 16 10:33:08 ICT 2018
500000050,20/2/2018 , Ngày thường,http://vietnamnet.vn/,Sun Dec 16 10:33:08 ICT 2018
500000051,21/2/2018 , Ngày thường,https://www.24h.com.vn/,Sun Dec 16 10:33:08 ICT 2018
500000052,22/2/2018 , Ngày thường,vnexpress.net,Sun Dec 16 10:33:08 ICT 2018
500000053,23/2/2018 , Ngày thường,https://vtc.vn/,Sun Dec 16 10:33:08 ICT 2018
500000054,24/2/2018 , Tết nguyên đán,https://www.vietnamplus.vn/,Sun Dec 16 10:33:08 ICT 2018
500000055,25/2/2018 , Ngày thường,http://kenh14.vn/,Sun Dec 16 10:33:08 ICT 2018
500000056,26/2/2018 , Ngày thường,https://www.24h.com.vn/,Sun Dec 16 10:33:08 ICT 2018
500000057,27/2/2018 , Ngày Thầy thuốc Việt Nam,https://dantri.com.vn/,Sun Dec 16 10:33:08 ICT 2018
500000058,28/2/2018 , Ngày thường,https://www.vietnamplus.vn/,Sun Dec 16 10:33:08 ICT 2018
500000059,1/3/2018 , Ngày thường,https://vtc.vn/,Sun Dec 16 10:33:08 ICT 2018
500000060,2/3/2018 , Ngày thường,https://dulich.vnexpress.net/,Sun Dec 16 10:33:08 ICT 2018
500000061,3/3/2018 , Ngày thường,http://vietnamnet.vn/,Sun Dec 16 10:33:08 ICT 2018
500000062,4/3/2018 , Ngày thường,https://vtc.vn/,Sun Dec 16 10:33:08 ICT 2018
500000063,5/3/2018 , Ngày thường,https://vtc.vn/,Sun Dec 16 10:33:08 ICT 2018
500000064,6/3/2018 , Ngày thường,vnexpress.net,Sun Dec 16 10:33:08 ICT 2018
500000065,7/3/2018 , Ngày thường,https://vtc.vn/,Sun Dec 16 10:33:08 ICT 2018
500000066,8/3/2018 , Ngày quốc tế Phụ Nữ,http://kenh14.vn/,Sun Dec 16 10:33:08 ICT 2018
500000067,9/3/2018 , Ngày thường,tuoitre.vn,Sun Dec 16 10:33:08 ICT 2018
500000068,10/3/2018 , Ngày thường,https://www.vietnamplus.vn/,Sun Dec 16 10:33:08 ICT 2018
500000069,11/3/2018 , Ngày thường,https://www.vietnamplus.vn/,Sun Dec 16 10:33:08 ICT 2018
500000070,12/3/2018 , Ngày thường,https://vtc.vn/,Sun Dec 16 10:33:08 ICT 2018
500000071,13/3/2018 , Ngày thường,http://kenh14.vn/,Sun Dec 16 10:33:08 ICT 2018
500000072,14/3/2018 , Ngày thường,https://dulich.vnexpress.net/,Sun Dec 16 10:33:08 ICT 2018
500000073,15/3/2018 , Ngày thường,https://dulich.vnexpress.net/,Sun Dec 16 10:33:08 ICT 2018
500000074,16/3/2018 , Ngày thường,https://dantri.com.vn/,Sun Dec 16 10:33:08 ICT 2018
500000075,17/3/2018 , Ngày thường,http://kenh14.vn/,Sun Dec 16 10:33:08 ICT 2018
500000076,18/3/2018 , Ngày thường,https://www.24h.com.vn/,Sun Dec 16 10:33:08 ICT 2018
500000077,19/3/2018 , Ngày thường,https://dantri.com.vn/,Sun Dec 16 10:33:08 ICT 2018
500000078,20/3/2018 , Ngày Quốc tế Hạnh phúc,vnexpress.net,Sun Dec 16 10:33:08 ICT 2018
500000079,21/3/2018 , Ngày thường,vnexpress.net,Sun Dec 16 10:33:08 ICT 2018
500000080,22/3/2018 , Ngày Nước sạch Thế giới,https://dantri.com.vn/,Sun Dec 16 10:33:08 ICT 2018
500000081,23/3/2018 , Ngày thường,http://kenh14.vn/,Sun Dec 16 10:33:08 ICT 2018
500000082,24/3/2018 , Ngày thường,https://www.24h.com.vn/,Sun Dec 16 10:33:08 ICT 2018
500000083,25/3/2018 , Ngày thường,https://www.24h.com.vn/,Sun Dec 16 10:33:08 ICT 2018
500000084,26/3/2018 , Ngày thành lập Đoàn Thanh niên Cộng sản Hồ Chí Minh,https://vtc.vn/,Sun Dec 16 10:33:08 ICT 2018
500000085,27/3/2018 , Ngày Thể thao Việt Nam,https://vtc.vn/,Sun Dec 16 10:33:08 ICT 2018
500000086,28/3/2018 , Ngày thường,https://dantri.com.vn/,Sun Dec 16 10:33:08 ICT 2018
500000087,29/3/2018 , Ngày thường,https://dantri.com.vn/,Sun Dec 16 10:33:08 ICT 2018
500000088,30/3/2018 , Ngày thường,https://vtc.vn/,Sun Dec 16 10:33:08 ICT 2018
500000089,31/3/2018 , Ngày thường,http://vietnamnet.vn/,Sun Dec 16 10:33:08 ICT 2018
500000090,1/4/2018 , Ngày thường,http://vietnamnet.vn/,Sun Dec 16 10:33:08 ICT 2018
500000091,2/4/2018 , Ngày thường,https://dantri.com.vn/,Sun Dec 16 10:33:08 ICT 2018
500000092,3/4/2018 , Ngày thường,https://www.24h.com.vn/,Sun Dec 16 10:33:08 ICT 2018
500000093,4/4/2018 , Ngày thường,https://www.24h.com.vn/,Sun Dec 16 10:33:08 ICT 2018
500000094,5/4/2018 , Ngày thường,vnexpress.net,Sun Dec 16 10:33:08 ICT 2018
500000095,6/4/2018 , Ngày thường,https://vtc.vn/,Sun Dec 16 10:33:08 ICT 2018
500000096,7/4/2018 , Ngày thường,vnexpress.net,Sun Dec 16 10:33:08 ICT 2018
500000097,8/4/2018 , Ngày thường,https://dulich.vnexpress.net/,Sun Dec 16 10:33:08 ICT 2018
500000098,9/4/2018 , Ngày thường,tuoitre.vn,Sun Dec 16 10:33:08 ICT 2018
500000099,10/4/2018 , Ngày thường,http://kenh14.vn/,Sun Dec 16 10:33:08 ICT 2018
500000100,11/4/2018 , Ngày thường,http://vietnamnet.vn/,Sun Dec 16 10:33:08 ICT 2018
500000101,12/4/2018 , Ngày thường,https://dantri.com.vn/,Sun Dec 16 10:33:08 ICT 2018
500000102,13/4/2018 , Ngày thường,tuoitre.vn,Sun Dec 16 10:33:08 ICT 2018
500000103,14/4/2018 , Ngày thường,https://vtc.vn/,Sun Dec 16 10:33:08 ICT 2018
500000104,15/4/2018 , Ngày thường,tuoitre.vn,Sun Dec 16 10:33:08 ICT 2018
500000105,16/4/2018 , Ngày thường,http://vietnamnet.vn/,Sun Dec 16 10:33:08 ICT 2018
500000106,17/4/2018 , Ngày thường,http://vietnamnet.vn/,Sun Dec 16 10:33:08 ICT 2018
500000107,18/4/2018 , Ngày thường,vnexpress.net,Sun Dec 16 10:33:08 ICT 2018
500000108,19/4/2018 , Ngày thường,https://dulich.vnexpress.net/,Sun Dec 16 10:33:08 ICT 2018
500000109,20/4/2018 , Ngày thường,https://dantri.com.vn/,Sun Dec 16 10:33:08 ICT 2018
500000110,21/4/2018 , Ngày Sách Việt Nam,https://vtc.vn/,Sun Dec 16 10:33:08 ICT 2018
500000111,22/4/2018 , Ngày Trái đất,tuoitre.vn,Sun Dec 16 10:33:08 ICT 2018
500000112,23/4/2018 , Ngày thường,https://www.24h.com.vn/,Sun Dec 16 10:33:08 ICT 2018
500000113,24/4/2018 , Ngày thường,https://www.vietnamplus.vn/,Sun Dec 16 10:33:08 ICT 2018
500000114,25/4/2018 , Giỗ Tổ Hùng Vương,http://kenh14.vn/,Sun Dec 16 10:33:08 ICT 2018
500000115,26/4/2018 , Ngày thường,http://vietnamnet.vn/,Sun Dec 16 10:33:08 ICT 2018
500000116,27/4/2018 , Ngày thường,http://kenh14.vn/,Sun Dec 16 10:33:08 ICT 2018
500000117,28/4/2018 , Ngày thường,https://www.24h.com.vn/,Sun Dec 16 10:33:08 ICT 2018
500000118,29/4/2018 , Ngày thường,http://vietnamnet.vn/,Sun Dec 16 10:33:08 ICT 2018
500000119,30/4/2018 , Ngày Thống nhất đất nước,https://dantri.com.vn/,Sun Dec 16 10:33:08 ICT 2018
500000120,1/5/2018 , Ngày Quốc tế Lao động,http://kenh14.vn/,Sun Dec 16 10:33:08 ICT 2018
500000121,2/5/2018 , Ngày thường,https://dantri.com.vn/,Sun Dec 16 10:33:08 ICT 2018
500000122,3/5/2018 , Ngày thường,tuoitre.vn,Sun Dec 16 10:33:08 ICT 2018
500000123,4/5/2018 , Ngày thường,https://www.vietnamplus.vn/,Sun Dec 16 10:33:08 ICT 2018
500000124,5/5/2018 , Ngày thường,http://vietnamnet.vn/,Sun Dec 16 10:33:08 ICT 2018
500000125,6/5/2018 , Ngày thường,vnexpress.net,Sun Dec 16 10:33:08 ICT 2018
500000126,7/5/2018 , Ngày chiến thắng Điện Biên Phủ,https://www.vietnamplus.vn/,Sun Dec 16 10:33:08 ICT 2018
500000127,8/5/2018 , Ngày thường,https://vtc.vn/,Sun Dec 16 10:33:08 ICT 2018
500000128,9/5/2018 , Ngày thường,vnexpress.net,Sun Dec 16 10:33:08 ICT 2018
500000129,10/5/2018 , Ngày thường,https://dulich.vnexpress.net/,Sun Dec 16 10:33:08 ICT 2018
500000130,11/5/2018 , Ngày thường,https://www.vietnamplus.vn/,Sun Dec 16 10:33:08 ICT 2018
500000131,12/5/2018 , Ngày thường,https://vtc.vn/,Sun Dec 16 10:33:08 ICT 2018
500000132,13/5/2018 , Ngày thường,http://vietnamnet.vn/,Sun Dec 16 10:33:08 ICT 2018
500000133,14/5/2018 , Ngày thường,http://kenh14.vn/,Sun Dec 16 10:33:08 ICT 2018
500000134,15/5/2018 , Ngày thành lập Đội Thiếu niên Tiền phong Hồ Chí Minh,vnexpress.net,Sun Dec 16 10:33:08 ICT 2018
500000135,16/5/2018 , Ngày thường,https://dantri.com.vn/,Sun Dec 16 10:33:08 ICT 2018
500000136,17/5/2018 , Ngày thường,https://dantri.com.vn/,Sun Dec 16 10:33:08 ICT 2018
500000137,18/5/2018 , Ngày thường,https://dantri.com.vn/,Sun Dec 16 10:33:08 ICT 2018
500000138,19/5/2018 , Ngày sinh của Chủ tịch Hồ Chí Minh,https://www.24h.com.vn/,Sun Dec 16 10:33:08 ICT 2018
500000139,20/5/2018 , Ngày thường,https://www.vietnamplus.vn/,Sun Dec 16 10:33:08 ICT 2018
500000140,21/5/2018 , Ngày thường,https://www.24h.com.vn/,Sun Dec 16 10:33:08 ICT 2018
500000141,22/5/2018 , Ngày thường,https://dantri.com.vn/,Sun Dec 16 10:33:08 ICT 2018
500000142,23/5/2018 , Ngày thường,vnexpress.net,Sun Dec 16 10:33:08 ICT 2018
500000143,24/5/2018 , Ngày thường,vnexpress.net,Sun Dec 16 10:33:08 ICT 2018
500000144,25/5/2018 , Ngày thường,tuoitre.vn,Sun Dec 16 10:33:08 ICT 2018
500000145,26/5/2018 , Ngày thường,https://dulich.vnexpress.net/,Sun Dec 16 10:33:08 ICT 2018
500000146,27/5/2018 , Ngày thường,https://www.vietnamplus.vn/,Sun Dec 16 10:33:08 ICT 2018
500000147,28/5/2018 , Ngày thường,vnexpress.net,Sun Dec 16 10:33:08 ICT 2018
500000148,29/5/2018 , Ngày thường,http://vietnamnet.vn/,Sun Dec 16 10:33:08 ICT 2018
500000149,30/5/2018 , Ngày thường,vnexpress.net,Sun Dec 16 10:33:08 ICT 2018
500000150,31/5/2018 , Ngày thường,tuoitre.vn,Sun Dec 16 10:33:08 ICT 2018
500000151,1/6/2018 , Ngày Quốc tế Thiếu nhi,http://vietnamnet.vn/,Sun Dec 16 10:33:08 ICT 2018
500000152,2/6/2018 , Ngày thường,http://kenh14.vn/,Sun Dec 16 10:33:08 ICT 2018
500000153,3/6/2018 , Ngày thường,https://dulich.vnexpress.net/,Sun Dec 16 10:33:08 ICT 2018
500000154,4/6/2018 , Ngày thường,http://kenh14.vn/,Sun Dec 16 10:33:08 ICT 2018
500000155,5/6/2018 , Ngày Bác Hồ ra đi tìm đường cứu nước,https://dantri.com.vn/,Sun Dec 16 10:33:08 ICT 2018
500000156,6/6/2018 , Ngày thường,vnexpress.net,Sun Dec 16 10:33:08 ICT 2018
500000157,7/6/2018 , Ngày thường,https://www.24h.com.vn/,Sun Dec 16 10:33:08 ICT 2018
500000158,8/6/2018 , Ngày thường,tuoitre.vn,Sun Dec 16 10:33:08 ICT 2018
500000159,9/6/2018 , Ngày thường,http://kenh14.vn/,Sun Dec 16 10:33:08 ICT 2018
500000160,10/6/2018 , Ngày thường,https://www.vietnamplus.vn/,Sun Dec 16 10:33:08 ICT 2018
500000161,11/6/2018 , Ngày thường,https://dantri.com.vn/,Sun Dec 16 10:33:08 ICT 2018
500000162,12/6/2018 , Ngày thường,https://dantri.com.vn/,Sun Dec 16 10:33:08 ICT 2018
500000163,13/6/2018 , Ngày thường,https://www.vietnamplus.vn/,Sun Dec 16 10:33:08 ICT 2018
500000164,14/6/2018 , Ngày thường,https://dantri.com.vn/,Sun Dec 16 10:33:08 ICT 2018
500000165,15/6/2018 , Ngày thường,http://vietnamnet.vn/,Sun Dec 16 10:33:08 ICT 2018
500000166,16/6/2018 , Ngày thường,https://dantri.com.vn/,Sun Dec 16 10:33:08 ICT 2018
500000167,17/6/2018 , Ngày thường,vnexpress.net,Sun Dec 16 10:33:08 ICT 2018
500000168,18/6/2018 , Ngày thường,http://kenh14.vn/,Sun Dec 16 10:33:08 ICT 2018
500000169,19/6/2018 , Ngày thường,http://vietnamnet.vn/,Sun Dec 16 10:33:08 ICT 2018
500000170,20/6/2018 , Ngày thường,tuoitre.vn,Sun Dec 16 10:33:08 ICT 2018
500000171,21/6/2018 , Ngày thường,vnexpress.net,Sun Dec 16 10:33:08 ICT 2018
500000172,22/6/2018 , Ngày thường,vnexpress.net,Sun Dec 16 10:33:08 ICT 2018
500000173,23/6/2018 , Ngày thường,http://vietnamnet.vn/,Sun Dec 16 10:33:08 ICT 2018
500000174,24/6/2018 , Ngày thường,https://www.24h.com.vn/,Sun Dec 16 10:33:08 ICT 2018
500000175,25/6/2018 , Ngày thường,https://vtc.vn/,Sun Dec 16 10:33:08 ICT 2018
500000176,26/6/2018 , Ngày thường,https://www.vietnamplus.vn/,Sun Dec 16 10:33:08 ICT 2018
500000177,27/6/2018 , Ngày thường,vnexpress.net,Sun Dec 16 10:33:08 ICT 2018
500000178,28/6/2018 , Ngày Gia đình Việt Nam,https://vtc.vn/,Sun Dec 16 10:33:08 ICT 2018
500000179,29/6/2018 , Ngày thường,vnexpress.net,Sun Dec 16 10:33:08 ICT 2018
500000180,30/6/2018 , Ngày thường,https://www.vietnamplus.vn/,Sun Dec 16 10:33:08 ICT 2018
500000181,1/7/2018 , Ngày thường,https://www.24h.com.vn/,Sun Dec 16 10:33:08 ICT 2018
500000182,2/7/2018 , Ngày thường,http://kenh14.vn/,Sun Dec 16 10:33:08 ICT 2018
500000183,3/7/2018 , Ngày thường,https://vtc.vn/,Sun Dec 16 10:33:08 ICT 2018
500000184,4/7/2018 , Ngày thường,https://dulich.vnexpress.net/,Sun Dec 16 10:33:08 ICT 2018
500000185,5/7/2018 , Ngày thường,http://kenh14.vn/,Sun Dec 16 10:33:08 ICT 2018
500000186,6/7/2018 , Ngày thường,https://www.vietnamplus.vn/,Sun Dec 16 10:33:08 ICT 2018
500000187,7/7/2018 , Ngày thường,https://www.24h.com.vn/,Sun Dec 16 10:33:08 ICT 2018
500000188,8/7/2018 , Ngày thường,http://kenh14.vn/,Sun Dec 16 10:33:08 ICT 2018
500000189,9/7/2018 , Ngày thường,https://www.24h.com.vn/,Sun Dec 16 10:33:08 ICT 2018
500000190,10/7/2018 , Ngày thường,http://vietnamnet.vn/,Sun Dec 16 10:33:08 ICT 2018
500000191,11/7/2018 , Ngày thường,https://dantri.com.vn/,Sun Dec 16 10:33:08 ICT 2018
500000192,12/7/2018 , Ngày thường,vnexpress.net,Sun Dec 16 10:33:08 ICT 2018
500000193,13/7/2018 , Ngày thường,vnexpress.net,Sun Dec 16 10:33:08 ICT 2018
500000194,14/7/2018 , Ngày thường,http://kenh14.vn/,Sun Dec 16 10:33:08 ICT 2018
500000195,15/7/2018 , Ngày thường,tuoitre.vn,Sun Dec 16 10:33:08 ICT 2018
500000196,16/7/2018 , Ngày thường,https://vtc.vn/,Sun Dec 16 10:33:08 ICT 2018
500000197,17/7/2018 , Ngày thường,http://kenh14.vn/,Sun Dec 16 10:33:08 ICT 2018
500000198,18/7/2018 , Ngày thường,http://kenh14.vn/,Sun Dec 16 10:33:08 ICT 2018
500000199,19/7/2018 , Ngày thường,https://dulich.vnexpress.net/,Sun Dec 16 10:33:08 ICT 2018
500000200,20/7/2018 , Ngày thường,https://dulich.vnexpress.net/,Sun Dec 16 10:33:08 ICT 2018
500000201,21/7/2018 , Ngày thường,vnexpress.net,Sun Dec 16 10:33:08 ICT 2018
500000202,22/7/2018 , Ngày thường,https://www.24h.com.vn/,Sun Dec 16 10:33:08 ICT 2018
500000203,23/7/2018 , Ngày thường,https://vtc.vn/,Sun Dec 16 10:33:08 ICT 2018
500000204,24/7/2018 , Ngày thường,https://dantri.com.vn/,Sun Dec 16 10:33:08 ICT 2018
500000205,25/7/2018 , Ngày thường,https://vtc.vn/,Sun Dec 16 10:33:08 ICT 2018
500000206,26/7/2018 , Ngày thường,https://dulich.vnexpress.net/,Sun Dec 16 10:33:08 ICT 2018
500000207,27/7/2018 , Ngày Thương binh Liệt sĩ,https://dulich.vnexpress.net/,Sun Dec 16 10:33:08 ICT 2018
500000208,28/7/2018 , Ngày thường,https://dantri.com.vn/,Sun Dec 16 10:33:08 ICT 2018
500000209,29/7/2018 , Ngày thường,https://vtc.vn/,Sun Dec 16 10:33:08 ICT 2018
500000210,30/7/2018 , Ngày thường,https://dantri.com.vn/,Sun Dec 16 10:33:08 ICT 2018
500000211,31/7/2018 , Ngày thường,http://kenh14.vn/,Sun Dec 16 10:33:08 ICT 2018
500000212,1/8/2018 , Ngày thường,http://kenh14.vn/,Sun Dec 16 10:33:08 ICT 2018
500000213,2/8/2018 , Ngày thường,https://vtc.vn/,Sun Dec 16 10:33:08 ICT 2018
500000214,3/8/2018 , Ngày thường,https://www.vietnamplus.vn/,Sun Dec 16 10:33:08 ICT 2018
500000215,4/8/2018 , Ngày thường,https://dantri.com.vn/,Sun Dec 16 10:33:08 ICT 2018
500000216,5/8/2018 , Ngày thường,tuoitre.vn,Sun Dec 16 10:33:08 ICT 2018
500000217,6/8/2018 , Ngày thường,https://www.24h.com.vn/,Sun Dec 16 10:33:08 ICT 2018
500000218,7/8/2018 , Ngày thường,http://vietnamnet.vn/,Sun Dec 16 10:33:08 ICT 2018
500000219,8/8/2018 , Ngày thường,tuoitre.vn,Sun Dec 16 10:33:08 ICT 2018
500000220,9/8/2018 , Ngày thường,https://dantri.com.vn/,Sun Dec 16 10:33:08 ICT 2018
500000221,10/8/2018 , Ngày thường,tuoitre.vn,Sun Dec 16 10:33:08 ICT 2018
500000222,11/8/2018 , Ngày thường,tuoitre.vn,Sun Dec 16 10:33:08 ICT 2018
500000223,12/8/2018 , Ngày thường,http://vietnamnet.vn/,Sun Dec 16 10:33:08 ICT 2018
500000224,13/8/2018 , Ngày thường,https://vtc.vn/,Sun Dec 16 10:33:08 ICT 2018
500000225,14/8/2018 , Ngày thường,https://dantri.com.vn/,Sun Dec 16 10:33:08 ICT 2018
500000226,15/8/2018 , Ngày thường,tuoitre.vn,Sun Dec 16 10:33:08 ICT 2018
500000227,16/8/2018 , Ngày thường,tuoitre.vn,Sun Dec 16 10:33:08 ICT 2018
500000228,17/8/2018 , Ngày thường,tuoitre.vn,Sun Dec 16 10:33:08 ICT 2018
500000229,18/8/2018 , Ngày thường,https://www.24h.com.vn/,Sun Dec 16 10:33:08 ICT 2018
500000230,19/8/2018 , Ngày Cách mạng tháng Tám thành công,https://dantri.com.vn/,Sun Dec 16 10:33:08 ICT 2018
500000231,20/8/2018 , Ngày thường,https://www.24h.com.vn/,Sun Dec 16 10:33:08 ICT 2018
500000232,21/8/2018 , Ngày thường,https://dulich.vnexpress.net/,Sun Dec 16 10:33:08 ICT 2018
500000233,22/8/2018 , Ngày thường,https://www.24h.com.vn/,Sun Dec 16 10:33:08 ICT 2018
500000234,23/8/2018 , Ngày thường,https://www.vietnamplus.vn/,Sun Dec 16 10:33:08 ICT 2018
500000235,24/8/2018 , Ngày thường,vnexpress.net,Sun Dec 16 10:33:08 ICT 2018
500000236,25/8/2018 , Ngày thường,vnexpress.net,Sun Dec 16 10:33:08 ICT 2018
500000237,26/8/2018 , Ngày thường,vnexpress.net,Sun Dec 16 10:33:08 ICT 2018
500000238,27/8/2018 , Ngày thường,https://www.vietnamplus.vn/,Sun Dec 16 10:33:08 ICT 2018
500000239,28/8/2018 , Ngày thường,https://www.24h.com.vn/,Sun Dec 16 10:33:08 ICT 2018
500000240,29/8/2018 , Ngày thường,https://www.24h.com.vn/,Sun Dec 16 10:33:08 ICT 2018
500000241,30/8/2018 , Ngày thường,https://dantri.com.vn/,Sun Dec 16 10:33:08 ICT 2018
500000242,31/8/2018 , Ngày thường,https://www.vietnamplus.vn/,Sun Dec 16 10:33:08 ICT 2018
500000243,1/9/2018 , Ngày thường,https://vtc.vn/,Sun Dec 16 10:33:08 ICT 2018
500000244,2/9/2018 , Ngày Quốc khánh nước Cộng hoà Xã hội Chủ nghĩa Việt Nam,https://dantri.com.vn/,Sun Dec 16 10:33:08 ICT 2018
500000245,3/9/2018 , Ngày thường,vnexpress.net,Sun Dec 16 10:33:08 ICT 2018
500000246,4/9/2018 , Ngày thường,https://dantri.com.vn/,Sun Dec 16 10:33:08 ICT 2018
500000247,5/9/2018 , Ngày thường,tuoitre.vn,Sun Dec 16 10:33:08 ICT 2018
500000248,6/9/2018 , Ngày thường,https://www.vietnamplus.vn/,Sun Dec 16 10:33:08 ICT 2018
500000249,7/9/2018 , Ngày thành lập Đài Truyền hình Việt Nam,vnexpress.net,Sun Dec 16 10:33:08 ICT 2018
500000250,8/9/2018 , Ngày thường,https://www.vietnamplus.vn/,Sun Dec 16 10:33:08 ICT 2018
500000251,9/9/2018 , Ngày thường,https://www.vietnamplus.vn/,Sun Dec 16 10:33:08 ICT 2018
500000252,10/9/2018 , Ngày thường,https://www.24h.com.vn/,Sun Dec 16 10:33:08 ICT 2018
500000253,11/9/2018 , Ngày thường,https://dantri.com.vn/,Sun Dec 16 10:33:08 ICT 2018
500000254,12/9/2018 , Ngày thường,https://www.vietnamplus.vn/,Sun Dec 16 10:33:08 ICT 2018
500000255,13/9/2018 , Ngày thường,https://vtc.vn/,Sun Dec 16 10:33:08 ICT 2018
500000256,14/9/2018 , Ngày thường,https://www.vietnamplus.vn/,Sun Dec 16 10:33:08 ICT 2018
500000257,15/9/2018 , Ngày thường,https://vtc.vn/,Sun Dec 16 10:33:08 ICT 2018
500000258,16/9/2018 , Ngày thường,https://dulich.vnexpress.net/,Sun Dec 16 10:33:08 ICT 2018
500000259,17/9/2018 , Ngày thường,http://kenh14.vn/,Sun Dec 16 10:33:08 ICT 2018
500000260,18/9/2018 , Ngày thường,https://www.vietnamplus.vn/,Sun Dec 16 10:33:08 ICT 2018
500000261,19/9/2018 , Ngày thường,https://www.vietnamplus.vn/,Sun Dec 16 10:33:08 ICT 2018
500000262,20/9/2018 , Ngày thường,http://kenh14.vn/,Sun Dec 16 10:33:08 ICT 2018
500000263,21/9/2018 , Ngày thường,https://dantri.com.vn/,Sun Dec 16 10:33:08 ICT 2018
500000264,22/9/2018 , Ngày thường,vnexpress.net,Sun Dec 16 10:33:08 ICT 2018
500000265,23/9/2018 , Ngày thường,https://www.vietnamplus.vn/,Sun Dec 16 10:33:08 ICT 2018
500000266,24/9/2018 , Ngày thường,https://dulich.vnexpress.net/,Sun Dec 16 10:33:08 ICT 2018
500000267,25/9/2018 , Ngày thường,https://dantri.com.vn/,Sun Dec 16 10:33:08 ICT 2018
500000268,26/9/2018 , Ngày thường,http://kenh14.vn/,Sun Dec 16 10:33:08 ICT 2018
500000269,27/9/2018 , Ngày thường,http://kenh14.vn/,Sun Dec 16 10:33:08 ICT 2018
500000270,28/9/2018 , Ngày thường,http://vietnamnet.vn/,Sun Dec 16 10:33:08 ICT 2018
500000271,29/9/2018 , Ngày thường,https://www.24h.com.vn/,Sun Dec 16 10:33:08 ICT 2018
500000272,30/9/2018 , Ngày thường,https://www.vietnamplus.vn/,Sun Dec 16 10:33:08 ICT 2018
500000273,1/10/2018 , Ngày thường,https://www.24h.com.vn/,Sun Dec 16 10:33:08 ICT 2018
500000274,2/10/2018 , Ngày thường,https://dantri.com.vn/,Sun Dec 16 10:33:08 ICT 2018
500000275,3/10/2018 , Ngày thường,https://www.24h.com.vn/,Sun Dec 16 10:33:08 ICT 2018
500000276,4/10/2018 , Ngày thường,http://vietnamnet.vn/,Sun Dec 16 10:33:08 ICT 2018
500000277,5/10/2018 , Ngày thường,https://dantri.com.vn/,Sun Dec 16 10:33:08 ICT 2018
500000278,6/10/2018 , Ngày thường,tuoitre.vn,Sun Dec 16 10:33:08 ICT 2018
500000279,7/10/2018 , Ngày thường,tuoitre.vn,Sun Dec 16 10:33:08 ICT 2018
500000280,8/10/2018 , Ngày thường,https://dulich.vnexpress.net/,Sun Dec 16 10:33:08 ICT 2018
500000281,9/10/2018 , Ngày thường,https://www.vietnamplus.vn/,Sun Dec 16 10:33:08 ICT 2018
500000282,10/10/2018 , Ngày thường,tuoitre.vn,Sun Dec 16 10:33:08 ICT 2018
500000283,11/10/2018 , Ngày thường,https://www.vietnamplus.vn/,Sun Dec 16 10:33:08 ICT 2018
500000284,12/10/2018 , Ngày thường,https://www.vietnamplus.vn/,Sun Dec 16 10:33:08 ICT 2018
500000285,13/10/2018 , Ngày Doanh nhân Việt Nam,https://dantri.com.vn/,Sun Dec 16 10:33:08 ICT 2018
500000286,14/10/2018 , Ngày thường,https://vtc.vn/,Sun Dec 16 10:33:08 ICT 2018
500000287,15/10/2018 , Ngày thường,http://kenh14.vn/,Sun Dec 16 10:33:08 ICT 2018
500000288,16/10/2018 , Ngày thường,vnexpress.net,Sun Dec 16 10:33:08 ICT 2018
500000289,17/10/2018 , Ngày thường,http://vietnamnet.vn/,Sun Dec 16 10:33:08 ICT 2018
500000290,18/10/2018 , Ngày thường,http://kenh14.vn/,Sun Dec 16 10:33:08 ICT 2018
500000291,19/10/2018 , Ngày thường,http://vietnamnet.vn/,Sun Dec 16 10:33:08 ICT 2018
500000292,20/10/2018 , Ngày thành lập Hội Phụ nữ Việt Nam,https://dulich.vnexpress.net/,Sun Dec 16 10:33:08 ICT 2018
500000293,21/10/2018 , Ngày thường,http://kenh14.vn/,Sun Dec 16 10:33:08 ICT 2018
500000294,22/10/2018 , Ngày thường,https://www.vietnamplus.vn/,Sun Dec 16 10:33:08 ICT 2018
500000295,23/10/2018 , Ngày thường,https://www.24h.com.vn/,Sun Dec 16 10:33:08 ICT 2018
500000296,24/10/2018 , Ngày thường,vnexpress.net,Sun Dec 16 10:33:08 ICT 2018
500000297,25/10/2018 , Ngày thường,https://www.24h.com.vn/,Sun Dec 16 10:33:08 ICT 2018
500000298,26/10/2018 , Ngày thường,https://vtc.vn/,Sun Dec 16 10:33:08 ICT 2018
500000299,27/10/2018 , Ngày thường,tuoitre.vn,Sun Dec 16 10:33:08 ICT 2018
500000300,28/10/2018 , Ngày thường,tuoitre.vn,Sun Dec 16 10:33:08 ICT 2018
500000301,29/10/2018 , Ngày thường,http://kenh14.vn/,Sun Dec 16 10:33:08 ICT 2018
500000302,30/10/2018 , Ngày thường,https://dantri.com.vn/,Sun Dec 16 10:33:08 ICT 2018
500000303,31/10/2018 , Ngày thường,https://dulich.vnexpress.net/,Sun Dec 16 10:33:08 ICT 2018
500000304,1/11/2018 , Ngày thường,http://vietnamnet.vn/,Sun Dec 16 10:33:08 ICT 2018
500000305,2/11/2018 , Ngày thường,vnexpress.net,Sun Dec 16 10:33:08 ICT 2018
500000306,3/11/2018 , Ngày thường,http://kenh14.vn/,Sun Dec 16 10:33:08 ICT 2018
500000307,4/11/2018 , Ngày thường,https://dulich.vnexpress.net/,Sun Dec 16 10:33:08 ICT 2018
500000308,5/11/2018 , Ngày thường,https://dulich.vnexpress.net/,Sun Dec 16 10:33:08 ICT 2018
500000309,6/11/2018 , Ngày thường,https://www.vietnamplus.vn/,Sun Dec 16 10:33:08 ICT 2018
500000310,7/11/2018 , Ngày thường,https://www.vietnamplus.vn/,Sun Dec 16 10:33:08 ICT 2018
500000311,8/11/2018 , Ngày thường,https://www.24h.com.vn/,Sun Dec 16 10:33:08 ICT 2018
500000312,9/11/2018 , Ngày thường,https://www.vietnamplus.vn/,Sun Dec 16 10:33:08 ICT 2018
500000313,10/11/2018 , Ngày thường,http://kenh14.vn/,Sun Dec 16 10:33:08 ICT 2018
500000314,11/11/2018 , Ngày quốc tế độc thân,https://www.24h.com.vn/,Sun Dec 16 10:33:08 ICT 2018
500000315,12/11/2018 , Ngày thường,http://vietnamnet.vn/,Sun Dec 16 10:33:08 ICT 2018
500000316,13/11/2018 , Ngày thường,https://www.24h.com.vn/,Sun Dec 16 10:33:08 ICT 2018
500000317,14/11/2018 , Ngày thường,tuoitre.vn,Sun Dec 16 10:33:08 ICT 2018
500000318,15/11/2018 , Ngày thường,https://dulich.vnexpress.net/,Sun Dec 16 10:33:08 ICT 2018
500000319,16/11/2018 , Ngày thường,vnexpress.net,Sun Dec 16 10:33:08 ICT 2018
500000320,17/11/2018 , Ngày thường,https://vtc.vn/,Sun Dec 16 10:33:08 ICT 2018
500000321,18/11/2018 , Ngày thường,tuoitre.vn,Sun Dec 16 10:33:08 ICT 2018
500000322,19/11/2018 , Ngày thường,https://dantri.com.vn/,Sun Dec 16 10:33:08 ICT 2018
500000323,20/11/2018 , Ngày Nhà giáo Việt Nam,https://vtc.vn/,Sun Dec 16 10:33:08 ICT 2018
500000324,21/11/2018 , Ngày thường,http://vietnamnet.vn/,Sun Dec 16 10:33:08 ICT 2018
500000325,22/11/2018 , Ngày thường,tuoitre.vn,Sun Dec 16 10:33:08 ICT 2018
500000326,23/11/2018 , Ngày thường,https://www.vietnamplus.vn/,Sun Dec 16 10:33:08 ICT 2018
500000327,24/11/2018 , Ngày thường,https://vtc.vn/,Sun Dec 16 10:33:08 ICT 2018
500000328,25/11/2018 , Ngày thường,vnexpress.net,Sun Dec 16 10:33:08 ICT 2018
500000329,26/11/2018 , Ngày thường,https://dantri.com.vn/,Sun Dec 16 10:33:08 ICT 2018
500000330,27/11/2018 , Ngày thường,https://vtc.vn/,Sun Dec 16 10:33:08 ICT 2018
500000331,28/11/2018 , Ngày thường,tuoitre.vn,Sun Dec 16 10:33:08 ICT 2018
500000332,29/11/2018 , Ngày thường,https://dulich.vnexpress.net/,Sun Dec 16 10:33:08 ICT 2018
500000333,30/11/2018 , Ngày thường,http://kenh14.vn/,Sun Dec 16 10:33:08 ICT 2018
500000334,1/12/2018 , Ngày thường,https://dantri.com.vn/,Sun Dec 16 10:33:08 ICT 2018
500000335,2/12/2018 , Ngày thường,https://vtc.vn/,Sun Dec 16 10:33:08 ICT 2018
500000336,3/12/2018 , Ngày thường,vnexpress.net,Sun Dec 16 10:33:08 ICT 2018
500000337,4/12/2018 , Ngày thường,vnexpress.net,Sun Dec 16 10:33:08 ICT 2018
500000338,5/12/2018 , Ngày thường,https://dulich.vnexpress.net/,Sun Dec 16 10:33:08 ICT 2018
500000339,6/12/2018 , Ngày thường,https://dantri.com.vn/,Sun Dec 16 10:33:08 ICT 2018
500000340,7/12/2018 , Ngày thường,tuoitre.vn,Sun Dec 16 10:33:08 ICT 2018
500000341,8/12/2018 , Ngày thường,https://www.vietnamplus.vn/,Sun Dec 16 10:33:08 ICT 2018
500000342,9/12/2018 , Ngày thường,tuoitre.vn,Sun Dec 16 10:33:08 ICT 2018
500000343,10/12/2018 , Ngày thường,https://www.24h.com.vn/,Sun Dec 16 10:33:08 ICT 2018
500000344,11/12/2018 , Ngày thường,https://dantri.com.vn/,Sun Dec 16 10:33:08 ICT 2018
500000345,12/12/2018 , Ngày thường,vnexpress.net,Sun Dec 16 10:33:08 ICT 2018
500000346,13/12/2018 , Ngày thường,https://www.24h.com.vn/,Sun Dec 16 10:33:08 ICT 2018
500000347,14/12/2018 , Ngày thường,vnexpress.net,Sun Dec 16 10:33:08 ICT 2018
500000348,15/12/2018 , Ngày thường,https://www.vietnamplus.vn/,Sun Dec 16 10:33:08 ICT 2018
500000349,16/12/2018 , Ngày thường,https://www.vietnamplus.vn/,Sun Dec 16 10:33:08 ICT 2018
500000350,17/12/2018 , Ngày thường,https://www.vietnamplus.vn/,Sun Dec 16 10:33:08 ICT 2018
500000351,18/12/2018 , Ngày thường,tuoitre.vn,Sun Dec 16 10:33:08 ICT 2018
500000352,19/12/2018 , Ngày thường,https://dulich.vnexpress.net/,Sun Dec 16 10:33:08 ICT 2018
500000353,20/12/2018 , Ngày thường,http://vietnamnet.vn/,Sun Dec 16 10:33:08 ICT 2018
500000354,21/12/2018 , Ngày thường,https://www.24h.com.vn/,Sun Dec 16 10:33:08 ICT 2018
500000355,22/12/2018 , Ngày thành lập Quân đội Nhân dân Việt Nam,vnexpress.net,Sun Dec 16 10:33:08 ICT 2018
500000356,23/12/2018 , Ngày thường,https://www.24h.com.vn/,Sun Dec 16 10:33:08 ICT 2018
500000357,24/12/2018 , Ngày thường,https://www.vietnamplus.vn/,Sun Dec 16 10:33:08 ICT 2018
500000358,25/12/2018 , Ngày Lễ Giáng Sinh,tuoitre.vn,Sun Dec 16 10:33:08 ICT 2018
500000359,26/12/2018 , Ngày thường,https://dulich.vnexpress.net/,Sun Dec 16 10:33:08 ICT 2018
500000360,27/12/2018 , Ngày thường,https://dulich.vnexpress.net/,Sun Dec 16 10:33:08 ICT 2018
500000361,28/12/2018 , Ngày thường,http://vietnamnet.vn/,Sun Dec 16 10:33:08 ICT 2018
500000362,29/12/2018 , Ngày thường,https://dulich.vnexpress.net/,Sun Dec 16 10:33:08 ICT 2018
500000363,30/12/2018 , Ngày thường,https://vtc.vn/,Sun Dec 16 10:33:08 ICT 2018
500000364,31/12/2018 , Ngày thường,https://www.vietnamplus.vn/,Sun Dec 16 10:33:08 ICT 2018
