personId:ID(Person),name,man,age,job,link,timeGet
100000000,Dương Huy Phong,true,21,Bác sĩ,tuoitre.vn,21/12/2018
100000001,Phan Anh Tài,true,53,Luật sư,http://vietnamnet.vn/,21/12/2018
100000002,Lê Thông Minh,true,42,Nhân viên,https://vtc.vn/,21/12/2018
100000003,Nguyễn Hải Phương,false,24,Công nhân,https://www.vietnamplus.vn/,21/12/2018
100000004,Bùi Thương Nga,false,47,Giám đốc,https://dulich.vnexpress.net/,21/12/2018
100000005,Dương Huy Chiểu,true,39,Sinh viên,tuoitre.vn,21/12/2018
100000006,Lý Diễm Chi,false,39,Sinh viên,https://www.vietnamplus.vn/,21/12/2018
100000007,Lê Hữu Tường,true,58,Kỹ sư,https://vtc.vn/,21/12/2018
100000008,Phạm Phong Châu,true,29,Kỹ sư,https://www.24h.com.vn/,21/12/2018
100000009,Bùi Như Phương,false,67,Kỹ sư,tuoitre.vn,21/12/2018
100000010,Đặng Đăng Quang,true,42,Nhân viên,https://dulich.vnexpress.net/,21/12/2018
100000011,Phan Kiết Trinh,false,33,Bảo vệ,https://www.vietnamplus.vn/,21/12/2018
100000012,Đỗ Hồng Phát,true,42,Nhân viên,https://vtc.vn/,21/12/2018
100000013,Hoàng Anh Khôi,true,69,Bác sĩ,tuoitre.vn,21/12/2018
100000014,Phan Vĩnh Thụy,true,51,Thanh tra,http://vietnamnet.vn/,21/12/2018
100000015,Hoàng Ngọc Vân,false,48,Giám đốc,http://vietnamnet.vn/,21/12/2018
100000016,Đặng Thanh Hằng,false,49,Kỹ sư,tuoitre.vn,21/12/2018
100000017,Bùi Bạch Trà,false,26,Bác sĩ,http://kenh14.vn/,21/12/2018
100000018,Hoàng Tịnh Yên,false,35,Sinh viên,https://dantri.com.vn/,21/12/2018
100000019,Nguyễn Bích Hậu,false,68,Giám đốc,https://dulich.vnexpress.net/,21/12/2018
100000020,Phan Chí Bảo,true,34,Luật sư,https://dantri.com.vn/,21/12/2018
100000021,Hồ Minh Kiệt,true,35,Luật sư,vnexpress.net,21/12/2018
100000022,Vũ Thái Tổ,true,20,Giám đốc,https://vtc.vn/,21/12/2018
100000023,Dương Thu Minh,false,53,Kỹ sư,https://dantri.com.vn/,21/12/2018
100000024,Dương Quang Bửu,true,20,Bác sĩ,http://vietnamnet.vn/,21/12/2018
100000025,Phan Tấn Trình,true,47,Y tá,https://www.24h.com.vn/,21/12/2018
100000026,Hoàng Thuận Phương,true,29,Giám đốc,http://kenh14.vn/,21/12/2018
100000027,Trần Ðình Tuấn,true,41,Thanh tra,https://vtc.vn/,21/12/2018
100000028,Nguyễn Hiếu Nghĩa,true,42,Công nhân,tuoitre.vn,21/12/2018
100000029,Trần Thành Danh,true,66,Thanh tra,vnexpress.net,21/12/2018
100000030,Đỗ Thu Hà,false,52,Nhân viên,http://kenh14.vn/,21/12/2018
100000031,Trần Ngọc Huy,true,32,Y tá,https://www.vietnamplus.vn/,21/12/2018
100000032,Hồ Ánh Tuyết,false,31,Y tá,http://vietnamnet.vn/,21/12/2018
100000033,Lê Xuân Vũ,true,27,Kỹ sư,http://kenh14.vn/,21/12/2018
100000034,Đặng Ánh Thơ,false,47,Kỹ sư,tuoitre.vn,21/12/2018
100000035,Dương Kiều Khanh,false,22,Công nhân,vnexpress.net,21/12/2018
100000036,Lê Công Hào,true,43,Giám đốc,tuoitre.vn,21/12/2018
100000037,Hoàng Thu Trang,false,43,Bảo vệ,https://www.24h.com.vn/,21/12/2018
100000038,Nguyễn Hằng Anh,false,64,Y tá,https://dulich.vnexpress.net/,21/12/2018
100000039,Lê Thùy Dung,false,53,Nhân viên,https://dulich.vnexpress.net/,21/12/2018
100000040,Lê Minh Vy,false,56,Giám đốc,https://dantri.com.vn/,21/12/2018
100000041,Lê Bảo Pháp,true,68,Thanh tra,https://www.vietnamplus.vn/,21/12/2018
100000042,Vũ Hồng Phát,true,66,Luật sư,https://vtc.vn/,21/12/2018
100000043,Lý Nhật Ánh,false,57,Sinh viên,http://vietnamnet.vn/,21/12/2018
100000044,Phan Liên Chi,false,34,Giám đốc,https://vtc.vn/,21/12/2018
100000045,Lê Ý Bình,false,24,Công nhân,https://www.24h.com.vn/,21/12/2018
100000046,Phan Bảo Duy,true,46,Sinh viên,https://dantri.com.vn/,21/12/2018
100000047,Hồ Nhất Tiến,true,46,Thanh tra,https://www.vietnamplus.vn/,21/12/2018
100000048,Hồ Long Giang,true,43,Bác sĩ,http://kenh14.vn/,21/12/2018
100000049,Bùi Bảo Giang,true,44,Nhân viên,http://vietnamnet.vn/,21/12/2018
100000050,Đặng Thanh Xuân,false,59,Luật sư,tuoitre.vn,21/12/2018
100000051,Phạm Hải Giang,true,30,Luật sư,https://dantri.com.vn/,21/12/2018
100000052,Đỗ Tuấn Ðức,true,53,Y tá,https://dulich.vnexpress.net/,21/12/2018
100000053,Dương Nhất Tiến,true,38,Giám đốc,tuoitre.vn,21/12/2018
100000054,Trần Thượng Năng,true,23,Nhân viên,tuoitre.vn,21/12/2018
100000055,Nguyễn Thế Lực,true,45,Bảo vệ,vnexpress.net,21/12/2018
100000056,Phạm Anh Phương,false,28,Giám đốc,https://www.24h.com.vn/,21/12/2018
100000057,Phan Mạnh Cương,true,68,Thanh tra,https://vtc.vn/,21/12/2018
100000058,Nguyễn Linh San,false,28,Giám đốc,https://www.24h.com.vn/,21/12/2018
100000059,Hồ Hữu Hoàng,true,40,Công nhân,http://vietnamnet.vn/,21/12/2018
100000060,Phan Lệ Quyên,false,61,Công nhân,tuoitre.vn,21/12/2018
100000061,Trần Thanh Trung,true,35,Thanh tra,http://kenh14.vn/,21/12/2018
100000062,Vũ Nhật Hòa,true,52,Nhân viên,tuoitre.vn,21/12/2018
100000063,Dương Mỹ Khuyên,false,51,Y tá,https://vtc.vn/,21/12/2018
100000064,Dương Hoàng Nam,true,42,Bảo vệ,http://kenh14.vn/,21/12/2018
100000065,Trần Quốc Thiện,true,45,Công nhân,https://dantri.com.vn/,21/12/2018
100000066,Phan Từ Ðông,true,19,Y tá,tuoitre.vn,21/12/2018
100000067,Vũ Thành Ân,true,67,Kỹ sư,https://dulich.vnexpress.net/,21/12/2018
100000068,Phan Lâm Dũng,true,20,Công nhân,http://vietnamnet.vn/,21/12/2018
100000069,Bùi Linh Giang,false,28,Kỹ sư,http://kenh14.vn/,21/12/2018
